date,hour_range,id,demand,frequency,coal,nuclear,ccgt,wind,pumped,hydro,biomass,oil,solar,ocgt,french_ict,dutch_ict,irish_ict,ew_ict,nemo,other,north_south,scotland_england,ifa2,intelec_ict,nsl,vkl_ict
2024-09-01,00:00 - 01:00,1392919.5,21310.833333333332,49.965083416666666,0.0,5182.5,3270.0833333333335,8581.166666666666,0.0,456.4166666666667,820.0833333333334,0.0,0.0,0.0,964.4166666666666,-984.0,5.0,-528.0,-135.0,405.4166666666667,0.0,0.0,-2.8333333333333335,210.58333333333334,1398.8333333333333,-499.0
2024-09-01,01:00 - 02:00,1392931.5,21736.833333333332,50.01375008333333,0.0,5190.083333333333,3773.9166666666665,8198.666666666666,0.0,446.9166666666667,1092.3333333333333,0.0,0.0,0.0,698.4166666666666,-1032.6666666666667,-33.666666666666664,-528.0,-364.3333333333333,336.4166666666667,0.0,0.0,97.0,350.5833333333333,1398.9166666666667,-783.0
2024-09-01,02:00 - 03:00,1392943.5,21602.5,49.95316666666667,0.0,5189.416666666667,3655.3333333333335,8081.833333333333,0.0,459.3333333333333,1158.8333333333333,0.0,0.0,0.0,663.1666666666666,-1034.0,-255.83333333333334,-528.0,-514.0,363.9166666666667,0.0,0.0,120.91666666666667,506.5,1398.75,-1054.8333333333333
2024-09-01,03:00 - 04:00,1392955.5,21585.166666666668,50.012250333333334,0.0,5190.916666666667,3547.1666666666665,8145.916666666667,0.0,455.5,1150.0833333333333,0.0,0.0,0.0,519.75,-1018.1666666666666,-329.6666666666667,-528.0,-694.6666666666666,323.9166666666667,0.0,0.0,321.3333333333333,530.4166666666666,1399.0,-1019.1666666666666
2024-09-01,04:00 - 05:00,1392967.5,21892.25,50.01149966666667,0.0,5196.416666666667,3191.5833333333335,8716.583333333334,0.0,456.4166666666667,1107.25,0.0,0.0,0.0,854.0833333333334,-1021.0,-330.0,-528.0,-922.5,300.5833333333333,0.0,0.0,355.5,315.1666666666667,1398.6666666666667,-960.5
2024-09-01,05:00 - 06:00,1392979.5,21719.166666666668,50.015583,0.0,5197.333333333333,3008.4166666666665,8897.75,0.0,500.8333333333333,947.1666666666666,0.0,0.003133916666666667,0.0,752.4166666666666,-1044.0,-330.0,-528.0,-884.5,340.5833333333333,0.0,0.0,401.6666666666667,275.5,1397.5,-903.6666666666666
2024-09-01,06:00 - 07:00,1392991.5,21033.333333333332,49.977666666666664,0.0,5189.666666666667,2901.75,8600.333333333334,0.0,560.75,760.9166666666666,0.0,136.96132108333333,0.0,504.25,-660.0,-330.0,-528.0,-503.0,404.8333333333333,0.0,0.0,231.25,482.5,1397.0833333333333,-528.0
2024-09-01,07:00 - 08:00,1393003.5,23041.416666666668,50.00266716666667,0.0,5170.083333333333,2589.6666666666665,8832.5,0.0,550.3333333333334,986.3333333333334,0.0,730.3079121666666,0.3333333333333333,1241.8333333333333,-629.0,-366.0,-511.0,178.5,403.25,0.0,0.0,20.333333333333332,501.8333333333333,1397.0,402.0
2024-09-01,08:00 - 09:00,1393015.5,24876.583333333332,50.031666666666666,0.0,5149.333333333333,2270.1666666666665,9008.666666666666,0.0,502.9166666666667,1052.0833333333333,0.0,1757.6999918333333,0.5,1877.9166666666667,-688.0,-452.0,-528.0,888.9166666666666,349.25,0.0,0.0,346.0,676.8333333333334,1397.0833333333333,1082.0833333333333
2024-09-01,09:00 - 10:00,1393027.5,24892.583333333332,50.021667,0.0,5128.666666666667,2083.25,8373.583333333334,0.0,500.5833333333333,1136.8333333333333,0.0,2994.1566365,0.0,1995.4166666666667,-34.5,-452.0,-528.0,961.0,335.5833333333333,0.0,0.0,711.1666666666666,957.8333333333334,1397.0,1005.0
2024-09-01,10:00 - 11:00,1393039.5,24580.0,50.086000500000004,0.0,5113.083333333333,1782.5833333333333,7492.0,0.0,488.6666666666667,1061.75,0.0,4199.444193583334,0.08333333333333333,2003.0,959.25,-452.0,-528.0,1010.75,329.6666666666667,0.0,0.0,955.5,995.6666666666666,1397.0,991.0
2024-09-01,11:00 - 12:00,1393051.5,24280.916666666668,50.055083249999996,0.0,5100.916666666667,1676.6666666666667,7183.75,0.0,463.4166666666667,1090.0833333333333,0.0,5171.5516763333335,0.0,2002.9166666666667,1047.75,-452.0,-528.0,1019.0,321.5,0.0,0.0,991.0,995.9166666666666,1397.0,991.0
2024-09-01,12:00 - 13:00,1393063.5,24209.5,50.038166749999995,0.0,5093.333333333333,1675.25,7282.083333333333,0.0,391.1666666666667,971.8333333333334,0.0,5320.4524335,0.0,2003.0,1043.0,-452.0,-528.0,1019.0,355.9166666666667,0.0,0.0,991.0833333333334,995.8333333333334,1397.0,991.0
2024-09-01,13:00 - 14:00,1393075.5,24072.0,49.87358416666667,0.0,5072.916666666667,1865.9166666666667,7292.25,0.0,407.4166666666667,1150.6666666666667,0.0,4868.362467416667,0.8333333333333334,1864.6666666666667,1038.5,-452.0,-528.0,653.4166666666666,518.8333333333334,0.0,0.0,823.1666666666666,996.5,1397.0,991.0
2024-09-01,14:00 - 15:00,1393087.5,24493.5,49.870750416666674,0.0,5054.75,2297.6666666666665,6925.583333333333,0.0,425.4166666666667,1354.5833333333333,0.0,4089.885844,1.0,1801.6666666666667,922.9166666666666,-452.0,-528.0,620.8333333333334,556.1666666666666,0.0,0.0,885.75,962.0,1318.1666666666667,1367.0
2024-09-01,15:00 - 16:00,1393099.5,26380.0,49.91866616666667,0.0,5035.666666666667,3965.8333333333335,6569.583333333333,173.5,473.25,1805.8333333333333,0.0,2917.09747325,0.5,1651.3333333333333,978.3333333333334,-452.0,-528.0,513.0833333333334,456.8333333333333,0.0,0.0,951.9166666666666,993.5833333333334,1388.75,1422.0
2024-09-01,16:00 - 17:00,1393111.5,28721.166666666668,50.027583666666665,0.0,5020.5,7244.333333333333,6253.0,297.4166666666667,495.25,2387.9166666666665,0.0,1920.1983235,0.08333333333333333,1786.3333333333333,-56.333333333333336,-452.0,-528.0,532.1666666666666,512.5,0.0,0.0,892.25,577.0,1397.25,1278.5
2024-09-01,17:00 - 18:00,1393123.5,28824.333333333332,49.94799991666667,0.0,5001.916666666667,8559.25,5870.166666666667,671.4166666666666,573.5,2782.0833333333335,0.0,1070.3108315,18.0,1328.0833333333333,-121.33333333333333,-452.0,-528.0,-3.0,926.0,0.0,0.0,795.0833333333334,167.16666666666666,1397.4166666666667,687.9166666666666
2024-09-01,18:00 - 19:00,1393135.5,29186.916666666668,49.9826665,0.0,4997.416666666667,8867.166666666666,5967.166666666667,705.5,658.5833333333334,3016.9166666666665,0.0,316.0231703333333,99.16666666666667,1449.0833333333333,-155.0,-452.0,-528.0,-50.0,1083.75,0.0,0.0,451.3333333333333,200.41666666666666,1397.75,283.25
2024-09-01,19:00 - 20:00,1393147.5,29515.916666666668,49.965499916666666,0.0,4991.833333333333,8936.666666666666,5895.75,390.6666666666667,730.4166666666666,3045.6666666666665,0.0,13.084087666666667,66.83333333333333,1665.4166666666667,-249.0,-452.0,-528.0,-19.0,783.0833333333334,0.0,0.0,318.6666666666667,397.3333333333333,1397.5,895.0833333333334
2024-09-01,20:00 - 21:00,1393159.5,27717.333333333332,50.02633358333333,0.0,4995.583333333333,8878.583333333334,5491.75,482.25,729.0833333333334,2834.6666666666665,0.0,0.0,75.41666666666667,964.4166666666666,-181.0,-452.0,-528.0,-38.0,546.1666666666666,0.0,0.0,198.33333333333334,68.41666666666667,1398.0833333333333,1054.5833333333333
2024-09-01,21:00 - 22:00,1393171.5,25918.166666666668,50.01158266666667,0.0,4996.75,7946.75,5411.083333333333,19.833333333333332,570.9166666666666,2805.4166666666665,0.0,0.0,19.0,905.5833333333334,5.416666666666667,-452.0,-528.0,-123.83333333333333,334.8333333333333,0.0,0.0,173.33333333333334,23.0,1398.25,1066.0
2024-09-01,22:00 - 23:00,1393183.5,22986.25,49.967583999999995,0.0,4998.583333333333,6322.833333333333,5243.583333333333,90.91666666666667,512.5,2220.3333333333335,0.0,0.0,1.4166666666666667,534.4166666666666,313.75,-445.0,-492.0,41.25,307.6666666666667,0.0,0.0,274.8333333333333,60.333333333333336,1398.3333333333333,429.5833333333333
2024-09-01,23:00 - 00:00,1393195.5,21356.25,50.00116716666667,0.0,4837.833333333333,5848.5,4013.0833333333335,55.0,449.75,1976.8333333333333,0.0,0.0,2.6666666666666665,850.75,36.666666666666664,-431.0,-231.0,582.0,276.9166666666667,0.0,0.0,310.5,236.33333333333334,1398.5833333333333,480.8333333333333
2024-09-02,00:00 - 01:00,1393207.5,20893.333333333332,49.981834166666665,0.0,4807.416666666667,5520.75,3851.0833333333335,0.0,381.75,2232.8333333333335,0.0,0.0,3.5,978.1666666666666,0.0,-402.0,-98.0,580.8333333333334,282.5,0.0,0.0,291.3333333333333,225.16666666666666,1398.5,339.5
2024-09-02,01:00 - 02:00,1393219.5,20665.833333333332,49.99333333333333,0.0,4807.916666666667,5153.833333333333,3423.0,22.75,376.5833333333333,2691.5,0.0,0.0,2.75,990.5833333333334,0.0,-373.0,-10.666666666666666,456.1666666666667,278.75,0.0,0.0,478.3333333333333,381.0833333333333,1398.5833333333333,204.0
2024-09-02,02:00 - 03:00,1393231.5,20556.666666666668,49.949917,0.0,4802.75,5040.916666666667,3273.8333333333335,0.0,392.0833333333333,2547.25,0.0,0.0,0.9166666666666666,1238.6666666666667,-139.0,-365.5,-5.0,443.5833333333333,291.0833333333333,0.0,0.0,560.8333333333334,425.75,1398.6666666666667,140.33333333333334
2024-09-02,03:00 - 04:00,1393243.5,20524.083333333332,50.00108358333333,0.0,4800.666666666667,6074.083333333333,2919.5833333333335,16.833333333333332,395.25,2372.9166666666665,0.0,0.0,0.3333333333333333,956.0833333333334,-526.0,-260.0,-60.0,392.3333333333333,287.8333333333333,0.0,0.0,488.1666666666667,409.3333333333333,1398.6666666666667,-116.41666666666667
2024-09-02,04:00 - 05:00,1393255.5,22220.0,49.99974975,144.5,4800.333333333333,8128.833333333333,2313.3333333333335,40.166666666666664,487.8333333333333,2670.0,0.0,0.0,0.5,803.5,-892.0,68.0,-29.25,-77.75,287.9166666666667,0.0,0.0,480.8333333333333,496.5833333333333,1398.0,-635.0
2024-09-02,05:00 - 06:00,1393267.5,24964.833333333332,49.98724991666666,395.5833333333333,4799.833333333333,10562.0,2071.8333333333335,338.75,865.4166666666666,2833.6666666666665,0.0,0.00072325,73.41666666666667,349.75,-1022.0,152.5,57.583333333333336,-396.0,849.9166666666666,0.0,0.0,40.583333333333336,189.75,1397.25,-880.0
2024-09-02,06:00 - 07:00,1393279.5,26313.916666666668,49.972749916666665,372.6666666666667,4800.833333333333,11587.916666666666,1740.8333333333333,573.4166666666666,900.1666666666666,2839.3333333333335,0.0,66.15850616666667,106.58333333333333,100.83333333333333,-622.0,1.1666666666666667,38.416666666666664,-209.25,1339.25,0.0,0.0,255.5,161.16666666666666,1397.1666666666667,-390.0
2024-09-02,07:00 - 08:00,1393291.5,29591.25,50.00050016666666,352.6666666666667,4801.25,11777.0,1953.75,465.9166666666667,656.9166666666666,2837.9166666666665,0.0,405.31999591666664,51.75,1529.3333333333333,213.83333333333334,-76.66666666666667,-23.583333333333332,887.9166666666666,589.9166666666666,0.0,0.0,527.5,689.0,1397.0,315.8333333333333
2024-09-02,08:00 - 09:00,1393303.5,30973.25,50.00358308333333,411.5,4793.25,11957.666666666666,2015.8333333333333,280.25,649.5,2840.9166666666665,0.0,780.4602458333334,5.083333333333333,1574.5,974.8333333333334,-287.8333333333333,-41.5,1015.3333333333334,443.0833333333333,0.0,0.0,946.25,971.25,1397.0,697.0
2024-09-02,09:00 - 10:00,1393315.5,30984.416666666668,49.98449925,429.0,4795.416666666667,11754.833333333334,2286.5,114.66666666666667,626.6666666666666,2852.9166666666665,0.0,1090.0969186666666,17.75,1602.8333333333333,1007.0833333333334,-451.0,-27.0,973.25,440.5833333333333,0.0,0.0,991.9166666666666,997.0,1397.0,697.0
2024-09-02,10:00 - 11:00,1393327.5,31418.666666666668,50.02616641666666,429.0833333333333,4795.0,11939.833333333334,2550.3333333333335,0.0,649.0,2838.3333333333335,0.0,1437.0666503333334,82.91666666666667,1690.75,1051.5,-452.0,-92.5,1010.6666666666666,424.4166666666667,0.0,0.0,991.9166666666666,870.9166666666666,1397.0,697.0
2024-09-02,11:00 - 12:00,1393339.5,31834.25,50.04224966666666,429.5,4804.5,11870.5,3013.4166666666665,0.0,665.75,2836.75,0.0,1902.7208455,43.916666666666664,1660.9166666666667,1031.5,-452.0,-181.0,1019.0,391.0833333333333,0.0,0.0,991.9166666666666,981.5,1397.0,697.0
2024-09-02,12:00 - 13:00,1393351.5,31489.916666666668,50.05216675,429.3333333333333,4804.416666666667,11349.833333333334,3464.5833333333335,0.0,561.4166666666666,2836.9166666666665,0.0,2439.79998775,0.5,1654.4166666666667,1044.9166666666667,-452.0,-116.0,1019.0,241.41666666666666,0.0,0.0,992.0,997.1666666666666,1397.0,697.0
2024-09-02,13:00 - 14:00,1393363.5,30993.583333333332,50.037582750000006,397.5,4804.5,10565.5,4171.916666666667,0.0,452.25,2825.0,0.0,2759.5650024166666,1.1666666666666667,1620.4166666666667,958.4166666666666,-452.0,-103.0,1000.6666666666666,219.16666666666666,0.0,0.0,897.1666666666666,985.5833333333334,1397.3333333333333,697.0
2024-09-02,14:00 - 15:00,1393375.5,30818.583333333332,50.032999999999994,230.0,4808.0,10236.416666666666,4961.25,0.0,450.6666666666667,2842.3333333333335,0.0,2683.933309,1.1666666666666667,1291.4166666666667,880.75,-452.0,-121.0,839.5833333333334,216.16666666666666,0.0,0.0,698.8333333333334,859.0,1397.3333333333333,1098.6666666666667
2024-09-02,15:00 - 16:00,1393387.5,30940.166666666668,50.04074975,322.6666666666667,4808.833333333333,12124.333333333334,5987.166666666667,0.5833333333333334,465.3333333333333,2969.5,0.0,2286.979187,0.4166666666666667,1073.4166666666667,-20.25,-436.1666666666667,-108.16666666666667,439.5,306.4166666666667,0.0,0.0,289.5,476.3333333333333,1397.0833333333333,256.0
2024-09-02,16:00 - 17:00,1393399.5,33624.333333333336,49.93733316666667,343.8333333333333,4802.833333333333,13581.166666666666,6883.416666666667,28.333333333333332,679.5,3009.0833333333335,0.0,1598.0449930833336,16.833333333333332,1485.8333333333333,-436.3333333333333,-452.0,-126.33333333333333,232.66666666666666,494.0,0.0,0.0,538.5833333333334,131.25,1397.0,-423.3333333333333
2024-09-02,17:00 - 18:00,1393411.5,34970.166666666664,50.02825016666667,397.4166666666667,4804.916666666667,14625.5,7139.333333333333,339.5,674.3333333333334,3031.6666666666665,0.0,859.2895813333333,25.916666666666668,1088.1666666666667,-979.0,-452.0,-162.0,-472.0,647.6666666666666,0.0,0.0,272.3333333333333,526.4166666666666,1397.0,-1094.0
2024-09-02,18:00 - 19:00,1393423.5,34623.833333333336,49.958000166666665,357.0,4797.833333333333,13640.333333333334,7082.5,662.0,493.25,3000.1666666666665,0.0,275.17841775,34.416666666666664,1403.3333333333333,-1018.0,-452.0,-249.5,-1020.0,1156.3333333333333,0.0,0.0,180.0,419.6666666666667,1397.0,-1096.0
2024-09-02,19:00 - 20:00,1393435.5,33111.75,49.98733333333333,310.9166666666667,4795.083333333333,13553.916666666666,6681.5,504.1666666666667,471.1666666666667,3047.0,0.0,11.844931583333334,6.25,1048.8333333333333,-940.0,-452.0,-478.0,-813.0,806.25,0.0,0.0,17.75,401.1666666666667,1397.0,-471.0
2024-09-02,20:00 - 21:00,1393447.5,30503.583333333332,50.03641625,6.5,4796.333333333333,12599.416666666666,6256.0,17.666666666666668,437.75,3084.75,0.0,0.0,0.3333333333333333,190.5,-777.6666666666666,-452.0,-528.0,-485.3333333333333,269.4166666666667,0.0,0.0,-34.666666666666664,589.75,1397.1666666666667,858.0
2024-09-02,21:00 - 22:00,1393459.5,27758.166666666668,49.93208308333333,0.0,4801.083333333333,11062.5,4982.166666666667,90.16666666666667,448.8333333333333,3094.5833333333335,0.0,0.0,0.75,5.833333333333333,-758.1666666666666,-452.0,-528.0,-397.5,268.6666666666667,0.0,0.0,-45.333333333333336,444.1666666666667,1397.75,1159.1666666666667
2024-09-02,22:00 - 23:00,1393471.5,24593.833333333332,49.94549991666667,0.0,4800.416666666667,9801.333333333334,4129.75,49.333333333333336,443.8333333333333,3049.25,0.0,0.0,1.75,-52.166666666666664,-849.3333333333334,-452.0,-498.0,-372.0,437.6666666666667,0.0,0.0,107.33333333333333,97.5,1398.5833333333333,277.0833333333333
2024-09-02,23:00 - 00:00,1393483.5,23439.166666666668,49.96850016666667,0.0,4803.25,9239.0,3803.8333333333335,0.0,389.5833333333333,3086.6666666666665,0.0,0.0,1.8333333333333333,-99.83333333333333,-742.0,-452.0,-380.1666666666667,-75.91666666666667,232.41666666666666,0.0,0.0,71.83333333333333,8.5,1399.0,324.0833333333333
2024-09-03,00:00 - 01:00,1393495.5,22922.75,50.01124983333333,0.0,4803.833333333333,8663.083333333334,3715.9166666666665,0.0,392.25,3091.0833333333335,0.0,0.0,2.0833333333333335,-0.8333333333333334,-727.6666666666666,-452.0,-365.3333333333333,103.83333333333333,193.41666666666666,0.0,0.0,180.58333333333334,64.25,1399.0,247.41666666666666
2024-09-03,01:00 - 02:00,1393507.5,22833.666666666668,49.971916666666665,0.0,4800.166666666667,8429.583333333334,3440.5,0.0,378.4166666666667,3091.4166666666665,0.0,0.0,2.75,398.5,-895.0,-452.0,-430.0,49.0,212.75,0.0,0.0,230.5,223.91666666666666,1398.75,177.41666666666666
2024-09-03,02:00 - 03:00,1393519.5,22534.5,49.920083,0.0,4797.666666666667,8241.0,3123.75,0.0,393.5,3092.75,0.0,0.0,1.0833333333333333,900.0,-1000.0,-452.0,-307.0,-38.666666666666664,231.58333333333334,0.0,0.0,113.25,224.25,1398.1666666666667,-214.58333333333334
2024-09-03,03:00 - 04:00,1393531.5,22438.25,50.03208358333333,174.08333333333334,4805.25,7848.5,3220.5833333333335,0.0,394.9166666666667,3081.8333333333335,0.0,0.0,3.0833333333333335,1025.5,-1021.0,-442.0,-145.0,-246.0,197.66666666666666,0.0,0.0,59.166666666666664,229.66666666666666,1398.0,-640.0
2024-09-03,04:00 - 05:00,1393543.5,23393.0,50.032666416666665,311.75,4803.333333333333,8237.583333333334,3472.0833333333335,0.0,475.6666666666667,3095.5833333333335,0.0,0.0,1.75,909.5,-1030.0,-229.0,-80.0,-597.0,195.5,0.0,0.0,179.5,312.3333333333333,1398.4166666666667,-954.0
2024-09-03,05:00 - 06:00,1393555.5,26060.75,49.992333333333335,557.5833333333334,4804.916666666667,10270.166666666666,3556.6666666666665,35.583333333333336,513.4166666666666,3096.25,0.0,0.00016575,1.5,828.0,-1035.3333333333333,-21.333333333333332,-2.3333333333333335,-802.6666666666666,424.9166666666667,0.0,0.0,248.83333333333334,324.5,1397.9166666666667,-1092.8333333333333
2024-09-03,06:00 - 07:00,1393567.5,28945.833333333332,49.97433408333333,821.5,4801.833333333333,11271.583333333334,3431.5,264.3333333333333,655.9166666666666,3086.4166666666665,0.0,76.923994,43.75,1481.6666666666667,-970.0,-141.0,-117.0,-336.4166666666667,931.3333333333334,0.0,0.0,286.1666666666667,374.75,1397.1666666666667,-987.6666666666666
2024-09-03,07:00 - 08:00,1393579.5,29871.25,49.97424983333334,860.6666666666666,4803.5,11281.5,3270.25,174.33333333333334,828.0833333333334,3086.0,0.0,670.38584525,20.083333333333332,703.0833333333334,-279.1666666666667,-353.5,-399.5,589.25,822.1666666666666,0.0,0.0,688.5,865.4166666666666,1397.0,-316.1666666666667
2024-09-03,08:00 - 09:00,1393591.5,30585.583333333332,50.05108333333333,817.5833333333334,4799.833333333333,11046.083333333334,3030.25,89.5,695.5833333333334,3090.25,0.0,1555.24509175,7.333333333333333,756.75,802.1666666666666,-452.0,-528.0,862.5,371.25,0.0,0.0,948.3333333333334,987.75,1397.0,883.4166666666666
2024-09-03,09:00 - 10:00,1393603.5,29689.25,49.98824991666667,695.1666666666666,4800.25,10850.833333333334,2927.0833333333335,0.0,514.25,3085.9166666666665,0.0,2804.1225281666666,1.0,856.5,849.3333333333334,-452.0,-438.0,832.6666666666666,259.0833333333333,0.0,0.0,691.1666666666666,988.25,1397.0,940.75
2024-09-03,10:00 - 11:00,1393615.5,29047.0,50.03183333333334,544.0,4809.0,10259.5,2711.3333333333335,0.0,511.0,3081.6666666666665,0.0,4105.268331,1.0,895.8333333333334,971.9166666666666,-452.0,-271.8333333333333,1001.3333333333334,250.75,0.0,0.0,669.5833333333334,961.6666666666666,1397.0,981.4166666666666
2024-09-03,11:00 - 12:00,1393627.5,28626.083333333332,50.05041666666667,459.0,4807.75,10306.416666666666,2668.1666666666665,0.0,496.9166666666667,3087.9166666666665,0.0,5348.51501475,0.9166666666666666,1282.4166666666667,699.6666666666666,-446.1666666666667,-232.0,1007.0,259.5833333333333,0.0,0.0,535.4166666666666,616.9166666666666,1397.0,987.0
2024-09-03,12:00 - 13:00,1393639.5,27954.833333333332,49.99733366666667,585.4166666666666,4806.333333333333,9875.25,3062.75,0.0,481.6666666666667,3026.5833333333335,0.0,6159.505900083333,0.9166666666666666,1155.8333333333333,454.5833333333333,-421.0,-158.33333333333334,801.6666666666666,244.91666666666666,0.0,0.0,501.9166666666667,550.5,1397.0,980.0
2024-09-03,13:00 - 14:00,1393651.5,26908.5,50.03541625,623.0833333333334,4808.083333333333,10451.666666666666,3028.6666666666665,12.916666666666666,472.0,3076.5,0.0,6106.572509583333,1.75,848.75,258.0833333333333,-371.3333333333333,-36.166666666666664,417.5,237.0,0.0,0.0,311.5833333333333,294.8333333333333,1397.0,669.0833333333334
2024-09-03,14:00 - 15:00,1393663.5,27048.666666666668,50.02666658333334,568.6666666666666,4811.416666666667,11377.5,3249.5833333333335,50.583333333333336,442.75,3086.5,0.0,5440.67500825,0.16666666666666666,881.4166666666666,319.25,-266.1666666666667,9.416666666666666,177.41666666666666,263.1666666666667,0.0,0.0,362.6666666666667,19.916666666666668,1397.0,-102.91666666666667
2024-09-03,15:00 - 16:00,1393675.5,29464.083333333332,50.03875033333333,765.9166666666666,4811.583333333333,12990.583333333334,3599.8333333333335,0.0,504.4166666666667,3072.0,0.0,4416.130879666666,21.0,1086.9166666666667,-270.3333333333333,-258.0,-30.0,13.25,354.4166666666667,0.0,0.0,636.25,102.5,1397.0,-728.0
2024-09-03,16:00 - 17:00,1393687.5,32429.0,50.01533325,767.0,4805.166666666667,15441.916666666666,3438.0,116.33333333333333,614.9166666666666,3065.0833333333335,0.0,3068.2699990833335,0.8333333333333334,1060.0833333333333,-861.5,-258.0,-0.6666666666666666,-423.5,465.0,0.0,0.0,719.6666666666666,555.25,1397.0,-1092.8333333333333
2024-09-03,17:00 - 18:00,1393699.5,33853.75,49.94991616666667,825.4166666666666,4802.666666666667,16328.25,3101.0,289.8333333333333,658.75,3087.0833333333335,0.0,1603.7200114999998,1.0,1186.8333333333333,-1048.8333333333333,-258.0,0.0,-932.5,565.75,0.0,0.0,864.25,755.75,1397.25,-1096.0
2024-09-03,18:00 - 19:00,1393711.5,34532.916666666664,50.05758316666667,859.0,4807.916666666667,16589.75,2860.1666666666665,290.0,699.25,3085.0833333333335,0.0,476.2994156666667,0.6666666666666666,1391.75,-1045.0,-258.0,0.0,-1020.0,771.0833333333334,0.0,0.0,933.25,843.9166666666666,1398.0,-1096.0
2024-09-03,19:00 - 20:00,1393723.5,33912.0,50.069332833333334,861.3333333333334,4807.416666666667,16471.75,3040.4166666666665,193.33333333333334,719.0,3092.0833333333335,0.0,16.166813916666666,0.75,993.0833333333334,-969.3333333333334,-220.66666666666666,0.0,-885.8333333333334,642.0833333333334,0.0,0.0,751.25,941.3333333333334,1398.1666666666667,-1096.0
2024-09-03,20:00 - 21:00,1393735.5,30724.75,50.01466608333334,714.25,4798.583333333333,15871.083333333334,2845.4166666666665,11.916666666666666,710.9166666666666,3092.0,0.0,0.0,0.6666666666666666,346.5833333333333,-709.5,-145.16666666666666,0.0,-404.5,271.5,0.0,0.0,273.3333333333333,346.4166666666667,1398.4166666666667,-1006.1666666666666
2024-09-03,21:00 - 22:00,1393747.5,28062.75,50.02683325,614.8333333333334,4806.5,14743.25,2263.0,0.5833333333333334,605.0,3069.5,0.0,0.0,1.0,-20.666666666666668,-534.0,-95.0,28.75,-240.0,191.0,0.0,0.0,131.16666666666666,154.83333333333334,1398.1666666666667,-931.0
2024-09-03,22:00 - 23:00,1393759.5,24879.333333333332,49.97266616666667,333.0,4803.916666666667,11339.333333333334,2134.75,55.25,470.9166666666667,2903.8333333333335,0.0,0.0,0.8333333333333334,278.1666666666667,-667.5,20.833333333333332,0.0,-265.0,244.83333333333334,0.0,0.0,393.9166666666667,196.41666666666666,1397.9166666666667,-824.6666666666666
2024-09-03,23:00 - 00:00,1393771.5,23420.916666666668,49.9783335,0.0,4804.75,10779.833333333334,1601.75,12.833333333333334,365.0833333333333,3089.25,0.0,0.0,1.0833333333333333,598.1666666666666,-704.0,-84.0,0.0,-68.0,183.58333333333334,0.0,0.0,455.75,130.16666666666666,1398.6666666666667,-809.0
2024-09-04,00:00 - 01:00,1393783.5,23249.75,49.96500016666667,0.0,4805.083333333333,10781.583333333334,1172.4166666666667,0.0,331.8333333333333,3092.4166666666665,0.0,0.0,1.3333333333333333,712.0,-747.6666666666666,-221.16666666666666,0.0,-114.0,200.91666666666666,0.0,0.0,255.66666666666666,497.5833333333333,1398.9166666666667,-968.3333333333334
2024-09-04,01:00 - 02:00,1393795.5,23009.916666666668,50.01166691666666,0.0,4808.0,10165.833333333334,1180.3333333333333,0.0,329.25,2993.75,0.0,0.0,1.25,913.75,-890.0,-159.0,0.0,-135.0,171.16666666666666,0.0,0.0,528.0833333333334,522.1666666666666,1398.9166666666667,-1027.0
2024-09-04,02:00 - 03:00,1393807.5,23181.5,49.997583416666664,0.0,4812.083333333333,9955.75,1154.5833333333333,0.0,330.0833333333333,3066.9166666666665,0.0,0.0,1.25,1111.5,-954.0,-120.0,0.0,-144.0,166.58333333333334,0.0,0.0,495.5,688.6666666666666,1398.5833333333333,-1076.0
2024-09-04,03:00 - 04:00,1393819.5,22877.583333333332,50.015834000000005,0.0,4814.25,10131.666666666666,1085.8333333333333,0.0,330.25,3120.6666666666665,0.0,0.0,1.0833333333333333,986.75,-1011.0,-75.0,0.0,-324.0,162.33333333333334,0.0,0.0,411.75,434.0,1399.0,-1083.0
2024-09-04,04:00 - 05:00,1393831.5,23528.166666666668,50.00049958333333,38.583333333333336,4813.666666666667,10984.833333333334,1006.1666666666666,0.0,389.6666666666667,3150.3333333333335,0.0,0.0,1.1666666666666667,870.25,-1032.8333333333333,38.333333333333336,0.0,-745.8333333333334,182.16666666666666,0.0,0.0,393.75,223.33333333333334,1398.8333333333333,-1090.0
2024-09-04,05:00 - 06:00,1393843.5,26526.916666666668,49.95391708333333,388.0,4812.333333333333,13150.75,1196.25,35.083333333333336,603.3333333333334,3159.5833333333335,0.0,6.858333333333334e-05,1.5,739.3333333333334,-1037.0,8.333333333333334,10.25,-1019.0,419.1666666666667,0.0,0.0,325.3333333333333,279.5833333333333,1398.0833333333333,-1092.0
2024-09-04,06:00 - 07:00,1393855.5,29157.75,50.03591658333334,672.4166666666666,4810.5,14010.166666666666,1214.5833333333333,172.0,694.9166666666666,3164.0,0.0,161.09343933333332,0.6666666666666666,1120.6666666666667,-975.0,-36.0,-29.916666666666668,-730.0,853.6666666666666,0.0,0.0,551.3333333333334,494.3333333333333,1397.4166666666667,-940.0
2024-09-04,07:00 - 08:00,1393867.5,29305.416666666668,50.043917,619.0,4813.666666666667,13968.0,1468.0833333333333,12.166666666666666,610.25,3162.8333333333335,0.0,1129.58716325,2.0,993.9166666666666,-212.16666666666666,-287.3333333333333,-160.5,-216.66666666666666,443.6666666666667,0.0,0.0,714.1666666666666,523.25,1397.1666666666667,-195.16666666666666
2024-09-04,08:00 - 09:00,1393879.5,28682.166666666668,50.057333416666665,657.4166666666666,4811.0,13333.333333333334,1606.3333333333333,14.166666666666666,481.4166666666667,3162.1666666666665,0.0,2594.42084775,1.5,1001.1666666666666,135.25,-445.6666666666667,-162.33333333333334,178.41666666666666,172.5,0.0,0.0,776.6666666666666,399.8333333333333,1397.0,553.3333333333334
2024-09-04,09:00 - 10:00,1393891.5,27312.583333333332,50.03216658333333,537.0833333333334,4803.166666666667,12863.166666666666,1524.1666666666667,102.41666666666667,452.8333333333333,3162.1666666666665,0.0,4157.743347166666,1.25,780.25,180.75,-452.0,-72.16666666666667,194.41666666666666,144.91666666666666,0.0,0.0,547.5,410.5,1397.0,211.0
2024-09-04,10:00 - 11:00,1393903.5,26884.5,49.96308333333334,458.9166666666667,4811.333333333333,12909.5,1297.5833333333333,267.5833333333333,360.5833333333333,3174.75,0.0,5186.956624333333,0.9166666666666666,547.5,370.5,-422.0,-3.5,230.5,180.66666666666666,0.0,0.0,425.6666666666667,331.6666666666667,1397.0,119.83333333333333
2024-09-04,11:00 - 12:00,1393915.5,26483.166666666668,49.973499583333336,459.0833333333333,4815.833333333333,12816.166666666666,1260.1666666666667,129.66666666666666,349.1666666666667,3166.75,0.0,5410.984944583333,2.3333333333333335,592.25,166.83333333333334,-333.8333333333333,-7.5,210.75,227.5,0.0,0.0,417.4166666666667,320.0,1397.0,152.25
2024-09-04,12:00 - 13:00,1393927.5,27421.833333333332,49.970999750000004,459.0,4816.583333333333,12977.583333333334,1307.9166666666667,110.25,359.0,3158.5,0.0,5195.158284583334,1.3333333333333333,599.25,487.75,-318.1666666666667,0.0,527.3333333333334,180.75,0.0,0.0,563.25,459.8333333333333,1397.0,16.5
2024-09-04,13:00 - 14:00,1393939.5,27048.0,49.94608374999999,459.1666666666667,4824.25,13011.333333333334,1191.75,30.666666666666668,367.25,3177.9166666666665,0.0,4800.04500325,2.0,833.1666666666666,-116.91666666666667,-102.0,18.166666666666668,402.6666666666667,140.66666666666666,0.0,0.0,558.0,528.0833333333334,1397.0,73.41666666666667
2024-09-04,14:00 - 15:00,1393951.5,27609.5,49.99750016666667,711.4166666666666,4817.083333333333,13375.583333333334,1025.25,0.0,370.25,3162.4166666666665,0.0,4256.018371666666,2.5,947.75,-374.0,125.5,6.25,284.4166666666667,154.25,0.0,0.0,766.25,456.8333333333333,1397.0,-94.25
2024-09-04,15:00 - 16:00,1393963.5,29482.25,49.98733291666667,859.75,4811.5,14443.083333333334,973.3333333333334,200.75,416.5,3080.75,0.0,3429.806681416667,0.5,1004.9166666666666,-727.0,1.1666666666666667,120.16666666666667,-17.75,381.3333333333333,0.0,0.0,927.4166666666666,862.25,1397.0,-513.0
2024-09-04,16:00 - 17:00,1393975.5,31742.166666666668,49.99908316666667,859.3333333333334,4808.166666666667,15687.333333333334,1149.0833333333333,412.8333333333333,612.0,3098.5833333333335,0.0,2499.2849935,121.58333333333333,1010.8333333333334,-1011.5,0.0,119.5,-336.6666666666667,769.0,0.0,0.0,977.5833333333334,719.3333333333334,1397.0,-917.8333333333334
2024-09-04,17:00 - 18:00,1393987.5,32827.666666666664,49.99700041666667,771.25,4804.083333333333,15223.666666666666,1262.3333333333333,930.9166666666666,696.0,3124.4166666666665,0.0,1401.2783610833333,100.41666666666667,1929.75,-898.0,0.0,27.916666666666668,-712.0,1046.0,0.0,0.0,991.3333333333334,522.5833333333334,1397.0,-957.0
2024-09-04,18:00 - 19:00,1393999.5,32771.833333333336,50.01141608333333,818.1666666666666,4801.75,14873.75,1561.9166666666667,477.0,712.5833333333334,3149.6666666666665,0.0,421.5054995,53.166666666666664,2009.8333333333333,-526.0,-55.0,-16.0,-837.0,686.6666666666666,0.0,0.0,987.4166666666666,956.1666666666666,1397.0,-255.0
2024-09-04,19:00 - 20:00,1394011.5,31294.083333333332,50.020917,853.1666666666666,4808.583333333333,15563.416666666666,1911.5833333333333,310.1666666666667,661.0,3157.8333333333335,0.0,14.569750583333333,31.916666666666668,1257.3333333333333,-125.0,-315.0,4.833333333333333,-421.0,337.5833333333333,0.0,0.0,520.4166666666666,444.75,1397.0,34.5
2024-09-04,20:00 - 21:00,1394023.5,29875.916666666668,50.04841675,551.6666666666666,4810.833333333333,14654.333333333334,2575.6666666666665,0.0,581.6666666666666,3168.5833333333335,0.0,0.0,32.083333333333336,1127.3333333333333,-295.0,-364.8333333333333,-99.33333333333333,-46.5,205.58333333333334,0.0,0.0,499.0,266.5833333333333,1397.0,-108.33333333333333
2024-09-04,21:00 - 22:00,1394035.5,26475.916666666668,50.00266675,5.0,4813.416666666667,11843.416666666666,3122.9166666666665,0.0,510.1666666666667,3035.8333333333335,0.0,0.0,31.333333333333332,797.5,-672.0,-256.0,-228.0,-33.666666666666664,190.16666666666666,0.0,0.0,286.75,166.75,1397.0833333333333,-10.0
2024-09-04,22:00 - 23:00,1394047.5,23046.833333333332,50.008999749999994,0.0,4816.916666666667,6564.583333333333,3614.9166666666665,12.5,476.1666666666667,2423.8333333333335,0.0,0.0,31.0,1405.5833333333333,-370.1666666666667,-215.0,-21.666666666666668,172.83333333333334,209.83333333333334,0.0,0.0,729.0,523.3333333333334,1397.9166666666667,665.9166666666666
2024-09-04,23:00 - 00:00,1394059.5,21078.666666666668,49.99850025,0.0,4811.75,4027.0,3688.1666666666665,12.666666666666666,365.5,2296.3333333333335,0.0,0.0,12.5,1646.6666666666667,-69.0,-27.0,0.0,406.25,177.66666666666666,0.0,0.0,711.9166666666666,725.75,1398.75,788.5
2024-09-05,00:00 - 01:00,1394071.5,21314.5,50.0523335,0.0,4816.166666666667,3702.25,4305.75,0.0,346.0,2338.9166666666665,0.0,0.0,0.0,1724.25,-259.0,-180.0,0.0,411.4166666666667,116.0,0.0,0.0,700.3333333333334,550.6666666666666,1399.0,903.75
2024-09-05,01:00 - 02:00,1394083.5,21630.416666666668,50.000916749999995,0.0,4808.25,3416.0,5063.833333333333,0.0,386.4166666666667,2221.4166666666665,0.0,0.0,0.25,1762.75,-695.0,-335.3333333333333,0.0,368.25,115.91666666666667,0.0,0.0,688.6666666666666,506.3333333333333,1398.6666666666667,914.0
2024-09-05,02:00 - 03:00,1394095.5,21687.833333333332,50.00166683333333,0.0,4806.083333333333,3474.5833333333335,5415.333333333333,0.0,363.0,2306.4166666666665,0.0,0.0,0.25,1647.0833333333333,-929.8333333333334,-368.0,-113.33333333333333,92.58333333333333,124.91666666666667,0.0,0.0,674.3333333333334,654.4166666666666,1398.9166666666667,729.9166666666666
2024-09-05,03:00 - 04:00,1394107.5,21708.666666666668,50.029250499999996,0.0,4818.083333333333,3248.6666666666665,5791.833333333333,0.0,385.3333333333333,2514.8333333333335,0.0,0.0,0.3333333333333333,1326.3333333333333,-1047.0,-368.0,-205.0,-75.33333333333333,115.25,0.0,0.0,576.6666666666666,622.3333333333334,1398.5,907.8333333333334
2024-09-05,04:00 - 05:00,1394119.5,22244.416666666668,50.028833416666664,0.0,4816.0,3102.5833333333335,6834.666666666667,0.0,385.9166666666667,2337.9166666666665,0.0,0.0,0.16666666666666666,1421.1666666666667,-1033.0,-369.0,-150.83333333333334,-269.6666666666667,114.83333333333333,0.0,0.0,529.5833333333334,590.5833333333334,1397.8333333333333,718.6666666666666
2024-09-05,05:00 - 06:00,1394131.5,23930.166666666668,49.923083166666665,0.0,4813.666666666667,3557.1666666666665,7176.833333333333,0.0,455.75,2451.9166666666665,0.0,2.0666666666666666e-05,0.6666666666666666,1684.0,-1000.0,-371.0,-42.0,-213.0,294.6666666666667,0.0,0.0,476.5833333333333,612.5,1397.0833333333333,1009.3333333333334
2024-09-05,06:00 - 07:00,1394143.5,26976.166666666668,50.037916833333334,0.0,4819.083333333333,4898.666666666667,7801.166666666667,330.0,618.1666666666666,2942.5,0.0,58.406489416666666,1.25,1034.3333333333333,-393.6666666666667,-377.1666666666667,-265.3333333333333,80.16666666666667,414.5,0.0,0.0,307.25,598.6666666666666,1397.0,1389.5
2024-09-05,07:00 - 08:00,1394155.5,29378.0,50.08008375,0.0,4821.0,3941.5833333333335,8401.416666666666,108.41666666666667,594.25,3176.3333333333335,0.0,395.4095876666667,1.3333333333333333,1820.9166666666667,934.5833333333334,-452.0,-489.5,936.1666666666666,264.6666666666667,0.0,0.0,788.0,770.3333333333334,1397.0,1422.0
2024-09-05,08:00 - 09:00,1394167.5,30484.25,49.98208291666666,0.0,4819.166666666667,3716.1666666666665,9316.666666666666,137.33333333333334,534.8333333333334,3182.8333333333335,0.0,711.6440023333333,1.75,1837.8333333333333,1008.3333333333334,-452.0,-529.0,904.6666666666666,256.1666666666667,0.0,0.0,974.5,975.0,1397.0,1422.0
2024-09-05,09:00 - 10:00,1394179.5,30072.416666666668,50.004250000000006,0.0,4816.75,3719.6666666666665,9574.166666666666,2.3333333333333335,484.9166666666667,3094.9166666666665,0.0,1094.2557728333334,0.6666666666666666,1989.5,1007.5833333333334,-452.0,-528.0,1008.6666666666666,232.66666666666666,0.0,0.0,991.0,725.75,1397.0,1026.8333333333333
2024-09-05,10:00 - 11:00,1394191.5,30310.416666666668,49.982166500000005,0.0,4814.416666666667,3458.3333333333335,9840.0,84.66666666666667,493.5,3200.8333333333335,0.0,1396.2125039166667,0.6666666666666666,1699.25,1041.3333333333333,-452.0,-528.0,1019.1666666666666,320.1666666666667,0.0,0.0,991.0833333333334,960.0,1397.0,990.0
2024-09-05,11:00 - 12:00,1394203.5,30281.583333333332,49.99650008333333,0.0,4816.583333333333,3118.8333333333335,9997.833333333334,246.66666666666666,462.6666666666667,3203.6666666666665,0.0,1651.3616638333333,0.9166666666666666,1655.75,1046.8333333333333,-452.0,-440.0,1019.0,337.4166666666667,0.0,0.0,991.4166666666666,997.0,1397.0,990.0
2024-09-05,12:00 - 13:00,1394215.5,29839.0,50.01824966666666,0.0,4816.5,2959.1666666666665,10378.666666666666,183.58333333333334,531.6666666666666,3214.9166666666665,0.0,1592.7399901666668,29.833333333333332,1655.0833333333333,1047.0833333333333,-452.0,-359.8333333333333,1019.0,565.5,0.0,0.0,65.08333333333333,997.0833333333334,1397.0,986.25
2024-09-05,13:00 - 14:00,1394227.5,29650.75,49.97399991666666,0.0,4819.166666666667,2744.3333333333335,10716.25,262.0,524.25,3205.9166666666665,0.0,1389.8558552499999,4.0,1747.25,1047.0,-452.0,-362.0,1000.6666666666666,199.91666666666666,0.0,0.0,-2.0,997.0,1397.0,986.0
2024-09-05,14:00 - 15:00,1394239.5,29779.833333333332,50.05400016666667,0.0,4826.916666666667,2736.25,11086.583333333334,171.5,509.1666666666667,3088.25,0.0,1194.17082725,0.8333333333333334,1756.0833333333333,1045.75,-452.0,-397.0,999.0,179.33333333333334,0.0,0.0,-2.0,997.1666666666666,1397.0,986.0
2024-09-05,15:00 - 16:00,1394251.5,30259.75,49.97658316666667,0.0,4821.583333333333,3586.6666666666665,10797.25,0.0,552.3333333333334,3105.9166666666665,0.0,1020.1179045833334,1.4166666666666667,1847.6666666666667,1041.0833333333333,-452.0,-222.0,491.25,234.5,0.0,0.0,-2.0,997.25,1397.0,1385.8333333333333
2024-09-05,16:00 - 17:00,1394263.5,30952.25,50.050583499999995,0.0,4816.333333333333,5316.75,10437.75,300.5833333333333,698.5833333333334,3093.5833333333335,0.0,737.892746,0.5833333333333334,1620.8333333333333,786.0,-411.1666666666667,-115.33333333333333,41.416666666666664,364.25,0.0,0.0,-2.0,655.5833333333334,1397.0,1423.0
2024-09-05,17:00 - 18:00,1394275.5,30491.5,49.9846665,0.0,4813.333333333333,6257.0,9937.0,404.5,631.0,3135.6666666666665,0.0,427.799418,35.416666666666664,685.4166666666666,476.25,-300.0,-11.083333333333334,0.0,708.3333333333334,0.0,0.0,-2.0,574.6666666666666,1397.0,1423.0
2024-09-05,18:00 - 19:00,1394287.5,29627.916666666668,50.0035835,0.0,4807.166666666667,6697.333333333333,8991.416666666666,420.3333333333333,575.9166666666666,3135.0,0.0,116.75353308333332,63.166666666666664,847.1666666666666,151.75,19.75,3.3333333333333335,76.41666666666667,679.75,0.0,0.0,-2.0,278.8333333333333,1397.0,1423.0
2024-09-05,19:00 - 20:00,1394299.5,29246.0,49.94941683333334,0.0,4805.416666666667,6088.666666666667,8781.166666666666,152.16666666666666,486.25,3154.0833333333335,0.0,3.2993699166666666,23.25,1762.25,-179.0,117.83333333333333,0.0,157.66666666666666,368.6666666666667,0.0,0.0,-2.0,516.0833333333334,1397.0,1423.0
2024-09-05,20:00 - 21:00,1394311.5,27584.583333333332,49.93699991666667,0.0,4831.166666666667,5181.416666666667,8388.416666666666,110.58333333333333,479.75,3162.0,0.0,0.0,0.3333333333333333,1518.75,-354.6666666666667,196.25,0.0,261.75,251.08333333333334,0.0,0.0,-2.0,383.0833333333333,1397.0,1423.0
2024-09-05,21:00 - 22:00,1394323.5,25291.416666666668,49.956999583333335,0.0,4861.166666666667,3599.0,8086.833333333333,0.0,455.75,2841.5833333333335,0.0,0.0,0.75,1817.5,-386.0,125.16666666666667,0.0,146.83333333333334,137.91666666666666,0.0,0.0,-2.0,378.4166666666667,1397.0,1423.0
2024-09-05,22:00 - 23:00,1394335.5,23749.833333333332,49.98508366666667,0.0,4868.5,3164.6666666666665,7752.25,0.0,413.0,2063.1666666666665,0.0,0.0,0.75,1993.75,-740.6666666666666,11.833333333333334,125.08333333333333,-154.83333333333334,218.58333333333334,0.0,0.0,-2.0,307.0833333333333,1397.0,1423.0
2024-09-05,23:00 - 00:00,1394347.5,22988.416666666668,49.98733291666667,0.0,4871.083333333333,2924.1666666666665,7667.333333333333,0.0,382.3333333333333,1713.5833333333333,0.0,0.0,0.8333333333333334,1877.75,-804.0,-23.0,303.9166666666667,-437.0,144.83333333333334,0.0,0.0,-2.0,280.8333333333333,1397.0,1417.1666666666667
2024-09-06,00:00 - 01:00,1394359.5,22432.75,50.018583166666666,0.0,4869.333333333333,2951.9166666666665,7238.583333333333,0.0,355.75,1600.0833333333333,0.0,0.0,1.0,1798.4166666666667,-462.5,-86.16666666666667,304.4166666666667,-510.3333333333333,177.83333333333334,0.0,0.0,-2.0,316.4166666666667,1397.0,1422.0
2024-09-06,01:00 - 02:00,1394371.5,22151.333333333332,50.045249500000004,0.0,4867.916666666667,2803.8333333333335,6990.25,0.0,352.4166666666667,1626.5,0.0,0.0,1.4166666666666667,1890.1666666666667,-364.1666666666667,-237.5,305.25,-290.5,170.25,0.0,0.0,-2.0,323.3333333333333,1397.0,1423.0
2024-09-06,02:00 - 03:00,1394383.5,22175.666666666668,49.989917,0.0,4863.666666666667,2722.6666666666665,6953.75,0.0,352.5,1212.3333333333333,0.0,0.0,1.3333333333333333,1717.5833333333333,-480.5,-347.0,305.75,285.0833333333333,167.41666666666666,0.0,0.0,-2.0,340.3333333333333,1397.0833333333333,1423.0
2024-09-06,03:00 - 04:00,1394395.5,20935.166666666668,50.018916749999995,0.0,4864.75,2782.5833333333335,6863.166666666667,0.0,352.25,1187.4166666666667,0.0,0.0,1.4166666666666667,1402.3333333333333,-488.0,-245.0,282.3333333333333,36.583333333333336,215.83333333333334,0.0,0.0,-2.0,117.75,1397.0,1423.0
2024-09-06,04:00 - 05:00,1394407.5,21489.25,49.976083499999994,0.0,4864.0,3753.0,6330.333333333333,0.0,389.3333333333333,1720.5,0.0,0.0,1.0,972.75,-608.0,-96.0,57.833333333333336,-271.0,245.33333333333334,0.0,0.0,-2.0,388.1666666666667,1397.0,1423.0
2024-09-06,05:00 - 06:00,1394419.5,24568.0,49.968667,0.0,4864.583333333333,5321.583333333333,7123.0,0.0,408.4166666666667,1841.9166666666667,0.0,3.333333333333333e-07,1.0,1307.8333333333333,-775.0,-32.666666666666664,0.0,-465.3333333333333,348.3333333333333,0.0,0.0,-2.0,531.3333333333334,1397.0,1423.0
2024-09-06,06:00 - 07:00,1394431.5,27085.5,49.968750416666666,0.0,4864.666666666667,6376.083333333333,7395.416666666667,83.83333333333333,461.9166666666667,2091.3333333333335,0.0,83.34800841666667,40.75,1238.4166666666667,-179.5,-15.0,0.0,-326.0,677.1666666666666,0.0,0.0,-2.0,777.0833333333334,1397.0,1423.0
2024-09-06,07:00 - 08:00,1394443.5,28976.75,50.04041683333333,0.0,4864.25,6102.916666666667,7061.166666666667,215.58333333333334,635.75,2104.8333333333335,0.0,619.2434134166666,85.66666666666667,1941.4166666666667,948.3333333333334,-240.0,-144.0,256.0,592.0833333333334,0.0,0.0,-2.0,980.25,1397.0,1423.0
2024-09-06,08:00 - 09:00,1394455.5,29421.166666666668,49.99216583333333,0.0,4863.0,6479.916666666667,6772.083333333333,420.0,703.9166666666666,2047.9166666666667,0.0,1461.3953196666669,57.916666666666664,2006.6666666666667,885.25,-446.1666666666667,-348.1666666666667,584.3333333333334,782.6666666666666,0.0,0.0,-2.0,997.5,1397.0,1423.0
2024-09-06,09:00 - 10:00,1394467.5,28759.5,50.008250000000004,0.0,4863.75,6582.166666666667,6491.416666666667,387.0833333333333,650.4166666666666,2275.3333333333335,0.0,2504.5933635,1.3333333333333333,2008.3333333333333,992.3333333333334,-452.0,-394.0,248.66666666666666,441.25,0.0,0.0,-2.0,997.4166666666666,1397.0,1423.0
2024-09-06,10:00 - 11:00,1394479.5,28267.416666666668,50.03475025,0.0,4858.666666666667,6294.5,6126.333333333333,105.41666666666667,602.75,2596.0833333333335,0.0,3661.244995083333,1.1666666666666667,2007.6666666666667,1051.5833333333333,-452.0,-355.6666666666667,546.25,259.6666666666667,0.0,0.0,-2.0,997.3333333333334,1397.0,1423.0
2024-09-06,11:00 - 12:00,1394491.5,27689.25,50.0151665,0.0,4857.75,6337.0,5652.166666666667,16.25,528.5833333333334,2580.5833333333335,0.0,4929.874145583333,1.3333333333333333,2007.0833333333333,955.25,-452.0,-485.0,715.0,220.25,0.0,0.0,-2.0,998.0,1397.0,1423.0
2024-09-06,12:00 - 13:00,1394503.5,26929.666666666668,50.0284995,0.0,4860.75,6265.0,5410.083333333333,0.0,447.8333333333333,2711.1666666666665,0.0,5546.090779583334,1.0,2006.6666666666667,397.5,-452.0,-446.0,815.1666666666666,196.75,0.0,0.0,-2.0,997.75,1397.0,1423.0
2024-09-06,13:00 - 14:00,1394515.5,26386.0,49.973251000000005,0.0,4870.083333333333,6304.333333333333,4994.416666666667,0.0,443.6666666666667,2714.8333333333335,0.0,5465.075764916666,1.0,2008.1666666666667,648.0,-452.0,-328.0,391.25,192.41666666666666,0.0,0.0,-2.0,997.8333333333334,1397.0,1423.0
2024-09-06,14:00 - 15:00,1394527.5,26623.75,49.93308316666667,0.0,4875.25,7069.25,4646.25,0.0,410.5,2833.1666666666665,0.0,4687.317464333333,0.5,1878.8333333333333,866.5833333333334,-452.0,-277.6666666666667,-134.16666666666666,212.0,0.0,0.0,-2.0,998.0833333333334,1397.5833333333333,1415.9166666666667
2024-09-06,15:00 - 16:00,1394539.5,28035.666666666668,50.01675,0.0,4879.25,8503.0,4651.666666666667,43.25,577.0,3145.0,0.0,3468.0791829166665,16.666666666666668,1880.5833333333333,-62.0,-444.0,-220.0,-267.0,499.75,0.0,0.0,-2.0,997.9166666666666,1398.3333333333333,1420.25
2024-09-06,16:00 - 17:00,1394551.5,30409.25,49.99583366666667,0.0,4877.916666666667,10381.5,4637.833333333333,428.1666666666667,692.1666666666666,3137.4166666666665,0.0,2218.8150124999997,11.416666666666666,1910.1666666666667,-407.0,-452.0,-470.0,-54.583333333333336,435.9166666666667,0.0,0.0,-2.0,997.75,1398.3333333333333,1421.0
2024-09-06,17:00 - 18:00,1394563.5,31389.916666666668,50.028916,0.0,4876.75,10728.416666666666,4626.083333333333,688.0,765.9166666666666,3152.5833333333335,0.0,1109.1197458333334,11.5,1999.0833333333333,-657.0,-452.0,-469.5,95.5,633.1666666666666,0.0,0.0,-2.0,993.3333333333334,1398.5833333333333,1421.0
2024-09-06,18:00 - 19:00,1394575.5,31443.666666666668,50.0056665,0.0,4868.833333333333,10825.166666666666,4558.0,656.5833333333334,769.1666666666666,3154.5833333333335,0.0,274.38126891666667,22.0,1701.3333333333333,-644.8333333333334,-452.0,-405.3333333333333,-148.91666666666666,1066.1666666666667,0.0,0.0,-2.0,997.25,1398.1666666666667,1421.3333333333333
2024-09-06,19:00 - 20:00,1394587.5,30908.166666666668,50.01650016666667,0.0,4859.416666666667,10254.166666666666,4633.0,545.9166666666666,704.0833333333334,3151.6666666666665,0.0,7.065868583333334,0.0,1904.3333333333333,10.25,-452.0,-367.1666666666667,45.0,348.9166666666667,0.0,0.0,-2.0,908.0833333333334,1398.5,1382.25
2024-09-06,20:00 - 21:00,1394599.5,28470.5,50.010583583333336,0.0,4862.333333333333,9902.416666666666,4189.083333333333,69.0,601.0833333333334,3154.1666666666665,0.0,0.0,0.16666666666666666,1099.4166666666667,450.9166666666667,-452.0,-526.8333333333334,276.5833333333333,182.58333333333334,0.0,0.0,-2.0,869.8333333333334,1398.75,1414.1666666666667
2024-09-06,21:00 - 22:00,1394611.5,26216.5,49.95125008333333,0.0,4865.0,9405.916666666666,3622.5,56.25,539.1666666666666,3155.0,0.0,0.0,0.5833333333333334,992.9166666666666,37.0,-452.0,-528.0,49.083333333333336,169.08333333333334,0.0,0.0,-2.0,624.5,1399.0,1300.5
2024-09-06,22:00 - 23:00,1394623.5,24453.25,50.04058358333333,0.0,4863.25,7441.5,3064.75,8.25,469.5833333333333,2553.75,0.0,0.0,2.5,1811.25,-168.33333333333334,-424.5,-528.0,532.25,153.08333333333334,0.0,0.0,-2.0,955.0,1399.0,1190.9166666666667
2024-09-06,23:00 - 00:00,1394635.5,22912.75,50.014166499999995,0.0,4868.666666666667,6501.75,2884.8333333333335,0.0,408.0,2187.0,0.0,0.0,2.0,1878.0,-358.6666666666667,-354.8333333333333,-528.0,631.75,149.58333333333334,0.0,0.0,-2.0,997.4166666666666,1399.0,1001.0833333333334
2024-09-07,00:00 - 01:00,1394647.5,21952.75,50.00941674999999,0.0,4871.75,5857.75,2868.75,0.0,377.5833333333333,2772.3333333333335,0.0,0.0,0.3333333333333333,1167.5,-211.66666666666666,-352.0,-528.0,667.25,146.41666666666666,0.0,0.0,-2.0,879.9166666666666,1399.0,944.1666666666666
2024-09-07,01:00 - 02:00,1394659.5,21908.166666666668,50.0414165,0.0,4872.0,5246.916666666667,2780.3333333333335,0.0,371.0,2748.5833333333335,0.0,0.0,0.0,1834.25,-367.0,-352.0,-528.0,960.5833333333334,137.0,0.0,0.0,-2.0,892.9166666666666,1399.0,660.6666666666666
2024-09-07,02:00 - 03:00,1394671.5,21498.166666666668,49.94283333333333,0.0,4868.416666666667,5503.5,2157.8333333333335,6.916666666666667,370.5,2759.0,0.0,0.0,0.16666666666666666,1994.4166666666667,-714.1666666666666,-352.0,-528.0,907.3333333333334,163.75,0.0,0.0,-2.0,986.5833333333334,1399.0,380.75
2024-09-07,03:00 - 04:00,1394683.5,21221.666666666668,50.01350016666667,0.0,4864.166666666667,5632.166666666667,1920.75,0.0,367.3333333333333,2467.25,0.0,0.0,0.0,2005.0833333333333,-951.3333333333334,-352.0,-528.0,923.8333333333334,146.33333333333334,0.0,0.0,-2.0,997.0,1399.0,497.6666666666667
2024-09-07,04:00 - 05:00,1394695.5,21193.583333333332,50.01116625,0.0,4869.0,6131.916666666667,1904.6666666666667,0.0,374.5833333333333,2471.4166666666665,0.0,0.0,0.0,2005.0,-921.0,-352.0,-528.0,862.8333333333334,141.33333333333334,0.0,0.0,-2.0,997.8333333333334,1399.0,1.0
2024-09-07,05:00 - 06:00,1394707.5,22161.583333333332,49.97616658333334,0.0,4865.416666666667,6802.916666666667,1892.9166666666667,9.75,428.5,2322.0,0.0,0.0,0.16666666666666666,2000.0833333333333,-820.1666666666666,-352.0,-528.0,875.3333333333334,169.83333333333334,0.0,0.0,-2.0,997.3333333333334,1399.0,144.83333333333334
2024-09-07,06:00 - 07:00,1394719.5,23501.416666666668,50.00991691666667,0.0,4867.166666666667,7960.333333333333,1897.25,7.916666666666667,510.5833333333333,2370.4166666666665,0.0,83.81760041666666,0.0,1817.6666666666667,-433.0,-418.0,-528.0,726.9166666666666,214.5,0.0,0.0,-2.0,997.3333333333334,1398.8333333333333,732.5
2024-09-07,07:00 - 08:00,1394731.5,25616.083333333332,49.95008383333334,0.0,4865.666666666667,8004.333333333333,1683.75,174.16666666666666,528.8333333333334,3019.0833333333335,0.0,502.11358375000003,0.0,1975.3333333333333,453.75,-452.0,-528.0,954.5833333333334,239.66666666666666,0.0,0.0,-2.0,996.5,1399.0,956.1666666666666
2024-09-07,08:00 - 09:00,1394743.5,26450.083333333332,49.98250016666666,0.0,4868.083333333333,8327.416666666666,1421.75,130.5,621.4166666666666,3161.4166666666665,0.0,1085.6240030833333,21.666666666666668,2005.0833333333333,1008.5,-452.0,-528.0,1017.3333333333334,485.8333333333333,0.0,0.0,-2.0,997.0833333333334,1399.0,985.0
2024-09-07,09:00 - 10:00,1394755.5,26630.833333333332,50.02750041666667,0.0,4869.416666666667,8568.75,1357.25,70.5,629.25,3153.75,0.0,1849.78250125,31.75,2005.0,1008.0833333333334,-452.0,-528.0,1019.0,530.1666666666666,0.0,0.0,-2.0,997.25,1399.0,985.0
2024-09-07,10:00 - 11:00,1394767.5,26496.166666666668,49.98108316666667,0.0,4863.666666666667,8664.166666666666,1417.8333333333333,80.83333333333333,568.75,3072.3333333333335,0.0,2363.2933145833335,67.08333333333333,1836.5833333333333,1047.4166666666667,-452.0,-528.0,1019.0,477.5833333333333,0.0,0.0,-2.0,997.75,1399.0,985.0
2024-09-07,11:00 - 12:00,1394779.5,26680.25,50.00924975,0.0,4868.166666666667,9187.916666666666,1397.8333333333333,0.0,523.9166666666666,3069.25,0.0,2808.205851166667,29.25,1809.3333333333333,1054.4166666666667,-452.0,-528.0,1019.0,339.75,0.0,0.0,-2.0,997.4166666666666,1399.0,985.0
2024-09-07,12:00 - 13:00,1394791.5,26351.916666666668,49.99741650000001,0.0,4871.333333333333,9302.583333333334,1088.1666666666667,16.166666666666668,517.9166666666666,3062.5,0.0,3049.2408651666665,0.16666666666666666,1808.5833333333333,1052.4166666666667,-452.0,-528.0,1019.0,231.91666666666666,0.0,0.0,-2.0,997.1666666666666,1399.0,985.0
2024-09-07,13:00 - 14:00,1394803.5,26394.916666666668,49.97858324999999,0.0,4872.5,9634.666666666666,957.0833333333334,0.0,430.9166666666667,3067.4166666666665,0.0,2875.20334875,0.08333333333333333,1808.0,1046.0833333333333,-452.0,-528.0,1000.6666666666666,198.08333333333334,0.0,0.0,-2.0,997.0,1399.0,985.0
2024-09-07,14:00 - 15:00,1394815.5,26629.083333333332,49.95675058333333,0.0,4870.666666666667,9749.166666666666,1074.25,35.333333333333336,432.8333333333333,3074.8333333333335,0.0,2566.734965,0.3333333333333333,1941.3333333333333,1010.4166666666666,-452.0,-528.0,864.6666666666666,194.08333333333334,0.0,0.0,-2.0,997.1666666666666,1399.0,985.0
2024-09-07,15:00 - 16:00,1394827.5,27801.0,49.95383366666667,0.0,4871.0,10776.333333333334,1281.0833333333333,49.083333333333336,451.0833333333333,3075.3333333333335,0.0,1819.742513,1.3333333333333333,2001.25,869.3333333333334,-452.0,-528.0,806.1666666666666,234.25,0.0,0.0,-2.0,997.1666666666666,1398.8333333333333,988.75
2024-09-07,16:00 - 17:00,1394839.5,29174.75,49.964583250000004,0.0,4872.166666666667,12064.0,1201.4166666666667,733.25,777.5,3075.9166666666665,0.0,1054.6165009166666,127.41666666666667,2005.0833333333333,-172.91666666666666,-452.0,-528.0,982.6666666666666,756.3333333333334,0.0,0.0,-2.0,997.0,1399.0,194.91666666666666
2024-09-07,17:00 - 18:00,1394851.5,30276.0,50.02883416666666,0.0,4873.0,12906.916666666666,1152.5,1008.8333333333334,817.5833333333334,3072.0833333333335,0.0,487.06900275,156.33333333333334,2006.4166666666667,-651.0,-452.0,-528.0,371.9166666666667,1499.75,0.0,0.0,-2.0,997.0833333333334,1399.0,-370.9166666666667
2024-09-07,18:00 - 19:00,1394863.5,29658.166666666668,50.03883283333334,0.0,4869.5,12784.416666666666,1368.3333333333333,719.1666666666666,721.25,3074.5833333333335,0.0,108.5690745,161.66666666666666,1961.25,-709.1666666666666,-452.0,-528.0,278.6666666666667,1148.4166666666667,0.0,0.0,-2.0,997.1666666666666,1399.0,-348.4166666666667
2024-09-07,19:00 - 20:00,1394875.5,29488.833333333332,50.03583333333333,0.0,4860.916666666667,12694.25,1366.5833333333333,202.58333333333334,633.9166666666666,3076.6666666666665,0.0,2.4099119166666667,41.583333333333336,2001.0833333333333,-116.5,-452.0,-528.0,859.0833333333334,349.1666666666667,0.0,0.0,-2.0,997.0,1399.0,808.4166666666666
2024-09-07,20:00 - 21:00,1394887.5,27541.083333333332,49.992916666666666,0.0,4854.0,11960.583333333334,1255.6666666666667,0.0,545.3333333333334,3019.4166666666665,0.0,0.0,1.6666666666666667,1634.9166666666667,-28.25,-452.0,-528.0,914.8333333333334,141.66666666666666,0.0,0.0,-2.0,875.75,1399.0,924.0
2024-09-07,21:00 - 22:00,1394899.5,25611.583333333332,49.99366666666666,0.0,4854.5,9836.083333333334,1375.3333333333333,18.75,593.1666666666666,2768.3333333333335,0.0,0.0,0.16666666666666666,1859.3333333333333,6.0,-452.0,-528.0,893.3333333333334,138.16666666666666,0.0,0.0,-2.0,977.4166666666666,1399.0,780.5833333333334
2024-09-07,22:00 - 23:00,1394911.5,23671.25,50.05408325,0.0,4826.833333333333,6883.583333333333,1220.9166666666667,0.0,501.6666666666667,2777.9166666666665,0.0,0.0,0.25,1996.6666666666667,962.25,-452.0,-528.0,989.75,148.41666666666666,0.0,0.0,-2.0,997.0,1399.0,967.0
2024-09-07,23:00 - 00:00,1394923.5,21987.5,50.046416916666665,0.0,4806.333333333333,5196.916666666667,1346.25,0.0,484.75,2624.75,0.0,0.0,1.25,2005.0833333333333,1023.25,-415.0,-528.0,908.3333333333334,179.25,0.0,0.0,-2.0,997.3333333333334,1399.0,987.0
